{
    "comedy": {
        "shoot": -4.0,
        "love": -2.415037499278844,
        "furious": -4.0,
        "fast": -3.0,
        "fly": -3.0,
        "fun": -2.0,
        "couple": -2.415037499278844
    },
    "action": {
        "shoot": -1.84799690655495,
        "love": -3.1699250014423126,
        "furious": -2.584962500721156,
        "fast": -2.584962500721156,
        "fly": -3.1699250014423126,
        "fun": -3.1699250014423126,
        "couple": -4.169925001442312
    },
    "prior": {
        "comedy": -1.3219280948873622,
        "action": -0.7369655941662062
    }
}